﻿<?xml version="1.0" encoding="utf-8" ?>
<c2eventsheet>
    <!--All the 'name' attributes are ignored by Construct 2 - they are there for readability only.-->
    <name>Event sheet 2</name>
    <events>
        <event-block sid="427768703531764">
            <conditions>
                <condition id="-1" name="Every tick" sid="933176143374257" type="System" />
            </conditions>
            <actions>
                <action id="0" name="Set text" sid="588270703220744" type="Text54">
                    <param id="0" name="Text">&quot;Загрузка&quot; &amp; round(loadingprogress*100) &amp; &quot;%...&quot;</param>
                </action>
                <action id="-5" name="Set width" sid="816508721575258" type="Sprite108">
                    <param id="0" name="Width">round(loadingprogress*100)*(8.8)</param>
                </action>
            </actions>
        </event-block>
        <event-block sid="305363350079606">
            <conditions>
                <condition id="-25" name="On loader layout complete" sid="229081804309554" type="System" />
            </conditions>
            <actions>
                <action id="-2" name="Go to layout" sid="856071098566306" type="System">
                    <param id="0" name="Layout">Layout 1</param>
                </action>
            </actions>
        </event-block>
    </events>
</c2eventsheet>
